"old_name","new_name","last_write_time","size_bytes"
"470734f63ca65f2fb8684cd017a47fae1340190821.jpg","album-photo-20250725-184921-001.jpg","2025-07-25 18:49:21","1434764"
"687819b7b5f821f5b8d64508b9e220481340190821.jpg","album-photo-20250725-184944-002.jpg","2025-07-25 18:49:44","1197482"
"089a79d02a82ad017f7e433cec15e1ff1340190821.jpg","album-photo-20250725-184947-003.jpg","2025-07-25 18:49:47","1436053"
"7413b01ba4670023b1cf88e6318bf2481340190821.jpg","album-photo-20250725-184956-004.jpg","2025-07-25 18:49:56","1343698"
"5e5cf7883861b0d721125113009554201340190821.jpg","album-photo-20250725-185004-005.jpg","2025-07-25 18:50:04","1695274"
"cef0f1653463c12628f9e8d8df5641f71340190821.jpg","album-photo-20250725-185028-006.jpg","2025-07-25 18:50:28","819908"
"90d82466f8e2c9b30b773698a567b4cb1340190821.jpg","album-photo-20250725-185031-007.jpg","2025-07-25 18:50:31","541612"
"5c5752466ce1d802b257aa2860fc7b631340190821.jpg","album-photo-20250725-185034-008.jpg","2025-07-25 18:50:34","519059"
"3c6ef2fd92c72212cf3b73ee13c8ce421340190821.jpg","album-photo-20250725-185037-009.jpg","2025-07-25 18:50:37","422504"
"8aee01cb115af92e75b5be7bb1933bd91340190821.jpg","album-photo-20250725-185045-010.jpg","2025-07-25 18:50:45","1190309"
"06345d2167c0858344d865e267e391f01340190821.jpg","album-photo-20250725-185231-011.jpg","2025-07-25 18:52:31","1461198"
"3ab38a8db3fdf6e780896ff6c49c70521340190821.jpg","album-photo-20250725-185234-012.jpg","2025-07-25 18:52:34","1631050"
"屏幕截图 2025-05-21 151540.png","album-shot-20250725-185533-013.png","2025-07-25 18:55:33","4310555"
"屏幕截图 2025-07-02 112120.png","album-shot-20250725-185954-014.png","2025-07-25 18:59:54","4887160"
"屏幕截图 2025-07-02 114450.png","album-shot-20250725-190001-015.png","2025-07-25 19:00:01","4856917"
"屏幕截图 2025-07-02 125741.png","album-shot-20250725-190023-016.png","2025-07-25 19:00:23","5039598"
"屏幕截图 2025-07-02 131338.png","album-shot-20250725-190034-017.png","2025-07-25 19:00:34","5334999"
"屏幕截图 2025-07-02 131843.png","album-shot-20250725-190038-018.png","2025-07-25 19:00:38","4910843"
"屏幕截图 2025-07-02 134940.png","album-shot-20250725-190059-019.png","2025-07-25 19:00:59","3436658"
